LOL,3
QUE,3
lol,3
fdas,5
dsa,4
CHRISTIAN,99999
dsa,3
dsa,3
test,10
dsaa,3
sda,3
fdsa,3
dsa,3
dsa,3
dsa,3
dsa,3
dsa,3
dsa,3
sad,3
dsa,3
dsa,4
dsa,3
DASDSA,3
dsa,3
null,3
dsa,3
dsa,3
ASDSD,3
dsa,4
dsa,3
SDA,3
dsa,3
SADA,3
dsa,3
dsa,3
sda,3
dsa,8
dsa,3
dsa,4
dsa,4
CHRISTIAN,3
,7
DSASA,4
dsa,3
dsa,3
dsa,3
dsa,3
dsa,3
SADA,4
LOL,3
DEAS,4
SDA,3
LOL,3
DSA,9
lol,3
dsa,3
dfsaas,3
dsa,4
dsa,5
OTRO,12
JUGADORPRUEBA,3
JUGADORPRUEBA,3
kkkk,4
SDASDA,3
,3
dsa,3
sdsa,3
dssa,3
dsa,3
LLL,3
ujkfdja,3
dsada,13
DIEGO,22
dsa,3
SDA,5
dasaws,5
sda,3
